{
  "/Script/ShadowTrackerExtra.STExtraBaseCharacter": {
    "fire aim": "MAX",
    "aim": "MAX",
    "aimassist": "MAX",
    "Aimtarget": "head",
    "AiMBot": "MAX",
    "Automaticselfaiming": "MAX",
    "Auxiliaryaimingandpositioning": "head",
    "+CVselfaimingvalue": 99999.9,
    "+CVauxiliaryaimingvalue": 99999.9,
    "Selfaiminglocation": "head",
    "Selfaimingpositioning": "head",
    "Playerisattacked": "MAX",
    "Playerdamage": "MAX",
    "Bullethitplayer": "MAX",
    "Weapondamageincreased": 99999.9,
    "Increaseddamage": 99999.9,
    "Openingspeed": 99999.9,
    "Selfaimingintensity": 99999.9,
    "Auxiliaryaimingintensity": 99999.9,
    "Headselfaimingintensity": 99999.9,
    "Auxiliaryaimingheadstrength": 99999.9,
    "Headaccuracy": "MAX",
    "+CVauxiliaryaimingintensityvalue": 99999.9,
    "+CVheadaimingvalue": 99999.9,
    "Aimandfixyourhead": "MAX",
    "Aimandlockthehead": "MAX",
    "Selfaiminglockhead": "MAX",
    "Bulletlocksthehead": "MAX",
    "+CVMirrorLockHeadValue": 99999.9,
    "+CVassistedaiminglockheadvalue": 99999.9,
    "+CVselfaiminglockheadvalue": 99999.9,
    "aimassist": "100%",
    "r.aimassist": "100%",
    "Selfsightjudgment": "head",
    "Bulletjudgment": "head",
    "Auxiliaryaiminghead": "MAX",
    "Selfaiminghead": "MAX",
    "Aimatthehead": "MAX",
    "Hitjudgment": "MAX",
    "+CVheadjudgment": 99999.9,
    "+CVbulletjudgment": 99999.9,
    "GunAimtarget": "head",
    "GunAimtarget": "MAX",
    "Aimingintensity": 99999.9,
    "Headaimingintensity": 99999.9,
    "Intensityaiming": 99999.9,
    "Enhancedaimingassistance": "100%",
    "Enhancedaimingassistance": "Max"
  },
  "section": {},
  "BulletBurst": {
    "Headmodel": "MAX",
    "Bulletjudgment": "head",
    "Bullethit": "head",
    "Headhit": "head",
    "Bullethitratetothehead": "MAX",
    "M462_Burstrate": "MAX",
    "M416_Burstrate": "MAX",
    "AUG_Burstrate": "MAX",
    "AKM_Burstrate": "MAX",
    "Bulletlandingpoint": 1,
    "Bullethit": 1,
    "Realbullets": 1,
    "Bullettrajectory": 1
  }
}