{
  "FireHit": {
    "damage_multiplier": 2.0,
    "impact_sound": "fire_hit_impact.wav",
    "effect": "fire_particle_effect.fx",
    "burning_duration": 5
  },
  "ElectricHit": {
    "damage_multiplier": 1.8,
    "impact_sound": "electric_hit_impact.wav",
    "effect": "electric_particle_effect.fx",
    "stun_duration": 3
  },
  "PoisonHit": {
    "damage_multiplier": 1.5,
    "impact_sound": "poison_hit_impact.wav",
    "effect": "poison_gas_particle_effect.fx",
    "poison_damage_over_time": true
  }
}